num, numformat, bitwidth, exp_bits, mantissa_bits, quant_en, qbits, accuracy, top1conf, top2diff, ave_loss
1, block_fp, 16, 7, 8, False, -1, 77.776000, 66.483319, 61.217971, 0.849790
2, block_fp, 16, 3, 12, False, -1, 7.846000, 2.399435, 1.874107, 5.984528
3, block_fp, 16, 5, 10, False, -1, 77.958000, 66.802276, 61.550080, 0.840270
4, block_fp, 16, 4, 11, False, -1, 78.036000, 66.837619, 61.575599, 0.839844
5, block_fp, 8, 3, 4, False, -1, 2.708000, 0.423953, 0.298369, 6.524090
6, block_fp, 8, 5, 2, False, -1, 0.092000, 0.003049, 0.000950, 7.662155
7, block_fp, 8, 6, 1, False, -1, 0.110000, 0.000872, 0.000195, 7.260407
8, block_fp, 12, 5, 6, False, -1, 72.642000, 59.495421, 54.126558, 1.093814
9, block_fp, 12, 8, 3, False, -1, 0.152000, 0.006923, 0.002892, 7.758845
